OLS,OLS,OLS,OLS,OLS,OLS,OLS,OLS
OLS,OLS,OLS,OLS,OLS,OLS,OLS,OLS
OLS,OLS,OLS,OLS,OLS,OLS,OLS,OLS
OLS,OLS,OLS,OLS,OLS,OLS,OLS,OLS
OLS,OLS,OLS,OLS,OLS,OLS,OLS,OLS
OLS,OLS,OLS,OLS,OLS,OLS,OLS,OLS
OLS,OLS,OLS,OLS,OLS,OLS,OLS,OLS
OLS,OLS,OLS,OLS,OLS,OLS,OLS,OLS
OLS,OLS,OLS,OLS,OLS,OLS,OLS,OLS
OLS,OLS,OLS,OLS,OLS,OLS,OLS,OLS
OLS,OLS,OLS,OLS,OLS,OLS,OLS,OLS
OLS,OLS,OLS,OLS,OLS,OLS,OLS,OLS
OLS,OLS,OLS,OLS,OLS,OLS,OLS,OLS
OLS,OLS,OLS,OLS,OLS,OLS,OLS,OLS
OLS,OLS,OLS,OLS,OLS,OLS,OLS,OLS
OLS,OLS,OLS,OLS,OLS,OLS,OLS,OLS
OLS,OLS,OLS,OLS,OLS,OLS,OLS,OLS
OLS,OLS,OLS,OLS,OLS,OLS,OLS,OLS
OLS,OLS,OLS,OLS,OLS,OLS,OLS,OLS
OLS,OLS,OLS,OLS,OLS,OLS,OLS,OLS
OLS,OLS,OLS,OLS,OLS,OLS,OLS,OLS
OLS,OLS,OLS,OLS,OLS,OLS,OLS,OLS
OLS,OLS,OLS,OLS,OLS,OLS,OLS,OLS
OLS,OLS,OLS,OLS,OLS,OLS,OLS,OLS
OLS,OLS,OLS,OLS,OLS,OLS,OLS,OLS
OLS,OLS,OLS,OLS,OLS,OLS,OLS,OLS
OLS,OLS,OLS,OLS,OLS,OLS,OLS,OLS
OLS,OLS,OLS,OLS,OLS,OLS,OLS,OLS
OLS,OLS,OLS,OLS,OLS,OLS,OLS,OLS
OLS,OLS,OLS,OLS,OLS,OLS,OLS,OLS
OLS,OLS,OLS,OLS,OLS,OLS,OLS,OLS
OLS,OLS,OLS,OLS,OLS,OLS,OLS,OLS
OLS,OLS,OLS,OLS,OLS,OLS,OLS,OLS
OLS,OLS,OLS,OLS,OLS,OLS,OLS,OLS
OLS,OLS,OLS,OLS,OLS,OLS,OLS,OLS
OLS,OLS,OLS,OLS,OLS,OLS,OLS,OLS
OLS,OLS,OLS,OLS,OLS,OLS,OLS,OLS
OLS,OLS,OLS,OLS,OLS,OLS,OLS,OLS
OLS,OLS,OLS,OLS,OLS,OLS,OLS,OLS
OLS,OLS,OLS,OLS,OLS,OLS,OLS,OLS
OLS,OLS,OLS,OLS,OLS,OLS,OLS,OLS
OLS,OLS,OLS,OLS,OLS,OLS,OLS,OLS
OLS,OLS,OLS,OLS,OLS,OLS,OLS,OLS
OLS,OLS,OLS,OLS,OLS,OLS,OLS,OLS
OLS,OLS,OLS,OLS,OLS,OLS,OLS,OLS
OLS,OLS,OLS,OLS,OLS,OLS,OLS,OLS
OLS,OLS,OLS,OLS,OLS,OLS,OLS,OLS
OLS,OLS,OLS,OLS,OLS,OLS,OLS,OLS
OLS,OLS,OLS,OLS,OLS,OLS,OLS,OLS
OLS,OLS,OLS,OLS,OLS,OLS,OLS,OLS
OLS,OLS,OLS,OLS,OLS,OLS,OLS,OLS
OLS,OLS,OLS,OLS,OLS,OLS,OLS,OLS
OLS,OLS,OLS,OLS,OLS,OLS,OLS,OLS
OLS,OLS,OLS,OLS,OLS,OLS,OLS,OLS
OLS,OLS,OLS,OLS,OLS,OLS,OLS,OLS
OLS,OLS,OLS,OLS,OLS,OLS,OLS,OLS
OLS,OLS,OLS,OLS,OLS,OLS,OLS,OLS
OLS,OLS,OLS,OLS,OLS,OLS,OLS,OLS
OLS,OLS,OLS,OLS,OLS,OLS,OLS,OLS
OLS,OLS,OLS,OLS,OLS,OLS,OLS,OLS
OLS,OLS,OLS,OLS,OLS,OLS,OLS,OLS
OLS,OLS,OLS,OLS,OLS,OLS,OLS,OLS
OLS,OLS,OLS,OLS,OLS,OLS,OLS,OLS
OLS,OLS,OLS,OLS,OLS,OLS,OLS,OLS
OLS,OLS,OLS,OLS,OLS,OLS,OLS,OLS
OLS,OLS,OLS,OLS,OLS,OLS,OLS,OLS
OLS,OLS,OLS,OLS,OLS,OLS,OLS,OLS
OLS,OLS,OLS,OLS,OLS,OLS,OLS,OLS
OLS,OLS,OLS,OLS,OLS,OLS,OLS,OLS
OLS,OLS,OLS,OLS,OLS,OLS,OLS,OLS
